nombre,ingredientes,personas,receta,tiempo,kcal,vegetariana
Conejo al ajillo,"1 hoja de laurel
50 ccs de aceite
1 cabeza de ajos
1 vaso de vino
1.5 kilos de conejo
3 guindillas",4,"
Se trocea el conejo, se pelan y se frien los ajos.
Antes de estar fritos del todo se le pone la guindilla picante.
Se anade el conejo y se frie un poco, hasta que este dorado.
Se le anade la hoja de laurel y el vaso de vino y se pone a cocer hasta que el conejo este tierno y la salsa se reduzca y quede como acaramelada.
Nacionalidad: Dificultad: Preparacion: Vegetariana: No calorias:
Espanola Facil
60 min. No Medio",60,Medio,No
Pimientos verdes rellenos de codornices.,"80 ccs de aceite
2 cucharadas de agua
2 dientes de ajo
1 cebolla
1 cucharada de chocolate rallado 
6 codornices
1 cucharada de harina
1 vaso de jerez seco
6 pimientos verdes grandes
5 gramos de sal
50 gramos de tocino de jam√≥n",6,"Se limpian las codornices se doran en aceite.
Se pone encima de cada una de ellas unas tiritas de tocino muy finas.
Se meten dentro de los pimientos y se colocan en una cacerola.
Aparte se refrie la cebolla picada, los ajos y se agrega la harina, para que se dore.
Se anade el jerez, el agua y el chocolate y se vierte sobre las codornices.
Se deja cocer a fuego lento y moviendo de vez en cuando la cacerola para que no se agarre al fondo.",120,Bajo,No
Pollo a la leonesa.,"2 cucharadas de jerez
1 huevo
50 gramos de jamon
25 gramos de trufa en lata 
100 ccs de leche
1 manzana reineta
200 gramos de menudillos de pollo
100 gramos de miga de pan 
1.5 kilos de pollo
50 gramos de tocino
50 ccs de aceite
50 gramos de manteca",4,"Se hace un relleno con los menudillos picados, el jugo de la trufa, el pan mojado en leche, la manzana picada y el huevo batido. Se rellena el buche del pollo.
Entre la carne y la piel se introducen tiritas de tocino y las rodajas de trufa.
Se asa con manteca y aceite.
Cuando este asado se le agrega el jerez, que se deja consumir y una vez desengrasado se anadira un poquito de agua, haciendole dar un hervor.
Se sirve la salsa a parte.",120,Medio,No
Pollo de corral al chilindron,"150 ccs de aceite
6 dientes de ajo
400 gramos de cebolla 
60 gramos de harina
1 hoja de laurel
1 pizca de pimienta
2 kilos de pollo
1 pizca de sal
50 gramos de tomate frito
300 gramos de tomates 
1 ramito de tomillo
2 pimientos verdes",4,"Se limpia y se trocea el pollo.
Salpimentar y enharinar.
Cortar los ajos en laminas, la cebolla y los pimientos en tiras y los tomates partidos en dos.
Se frie el pollo en aceite y se pasa a una cazuela de barro, reservandolo.
En el mismo aceite se rehogan los ajos, la cebolla y los pimientos.
Se anaden los tomates.
A mitad de coccion de las verduras echarlas sobre el pollo y cocerlas lentamente.
Se le anade el laurel, el tomate frito, el tomillo.
Se deja cocer muy lentamente hasta que el pollo este tierno.",180,Medio,No
Pavo relleno de castanas,"7 cucharadas de caldo
500 gramos de castanas cocidas 
1 cucharada de harina
250 gramos de magro de cerdo 
100 gramos de manteca
2.5 kilos de pavo tierno
1 cucharadita de pimienta 
1 pizca de sal
1 pavo",6,"Se limpia el pavo, se rellena con una masa compuesta del magro de cerdo picado, las castanas cocidas y sin pieles, enteras y rehogadas con el cerdo en la manteca, la sal y la pimienta, una cucharada de harina y al final el caldo.
Se introduce todo dentro y se cose el pavo y se brida.
Se unta de manteca y se pone en la fuente de asar con un poco de agua y sal. Se rocia de vez en cuando.
Si el pavo es grande se necesitan unas dos horas y media de coccion.",180,Alto,No
Conejo a la castellana.,"7 cucharadas de aceite 
1 vaso de agua
1 vaso de caldo
1 conejo
1 cucharada de harina 
50 gramos de jamon
50 gramos de manteca de cerdo 
150 gramos de pan
1 pizca de sal
1 vasito de vino blanco",4,"Se trocea el conejo y se salzona con sal, se frie en aceite.
Una vez frito se coloca en una cacerola, en el aceite sobrante se sofrie el jamon partido en trocitos, la cucharada de harina se rehoga hasta dorarla y se le anade el vaso de agua.
Esta salsa se hecha encima del conejo y cuando este casi cocido se le anade el vino.Los picatostes (el pan frito en trocitos) se anaden un momento antes de servirlo al conejo y se les da un hervor cortisimo.
Se sirve bien caliente.",120,Medio,No
Gazpacho manchego,"6 cucharadas de aceite de oliva 
4 dientes de ajo
400 gramos de conejo
1 pizca de pimenton dulce
1 pizca de pimienta
1 pellizco de sal
30 gramos de tomate 
1 torta manchega",4,"
Se cuece el conejo en agua con sal o un caldito hasta que este tierno entonces se separa la carne que se corta en trocitos.
En una sarten se sofrien los ajos cortaditos y el tomate, se incorpora el pimenton y el caldo del conejo, se anade la torta cortada en trocitos y se deja cocer una 10 o 15 minutos hasta que la torta este tierna.
Se le suma la carne y se sirve.",30,Medio,No
Lomo de ciervo en salsa de setas y trufa.,"180 ccs de aceite de oliva
6 dientes de ajos
200 gramos de cebollas pequenas
1 hoja de laurel
12 filetes de lomo de ciervo de unos 
75 gramos cada uno 
1 taza de nata liquida
1 cucharadita de oregano
2 cucharadas de pimenton dulce 
1 pizca de sal
200 gramos de setas cocidas
0.5 cucharaditas de tomillo
1 trufa en aguardiente",4,"
En una fuente onda se pone el tomillo, el oregano, el ajo picado, el pimenton, el laurel y el aceite. Con todo esto bien batido, se hace una pasta.
Se salzonan los filetes y se vierte toda esta papilla sobre ellos.
Se deja reposar un dia.
Se pican las cebollas, se trincha la trufa (se reserva el aguardiente) y se trocean las setas. En una sarten con aceite se sofrien las cebollas, hasta que esten tiernas.
Se agregan las setas picadas y cocidas previamente.
Se rehogan tres o cuatro minutos y se anade la trufa con su aguardiente.
Se flambea hasta la reduccion del mismo.
A continuacion, se anade la nata liquida y se pone a cocer a fuego lento.
Se espera tres o cuatro minutos hasta que se reduzca la salsa, se sazona a gusto.
Se hacen los filetes en una plancha bien caliente y se sirven acompanados con esta salsa de setas.",45,Alto,No
Codornices en escabeche,"250 ccs de aceite de oliva 
1 cabeza de ajo
1 pizca de azafran
1 cebolla grande
2 clavos de olor
8 codornices bien limpias
2 hojas de laurel
6 granos de pimienta negra en grano 
250 ccs de vinagre",4,"Se doran las codornices y se reservan.
En una cacerola se pone la cebolla, los ajos picados, el laurel, los granos de pimienta, los clavos y se colocan las codornices mas unas hebras de azafran, se anade el vinagre mas el vaso de agua y se dejan cocer hasta que esten tiernas.",45,Medio,No
Perdiz con judias,"
150 ccs de aceite
500 ccs de vino blanco
1 cabeza de ajos
500 gramos de cebollas
400 gramos de judias pochas
4 hojas de laurel
10 gramos de pimienta negra 
1 pizca de sal
1 ramito de tomillo
1 perdiz",4,"Se ponen las judias toda la noche en agua.
Se ponen a cocer en agua con sal.
Se despluma y se limpia bien la perdiz y se ata con un cordelito.
Se pica la cebolla y los ajos y se anade a las judias junto con el laurel y el vino, el tomillo, el aceite, la pimienta y se deja cocer muy lentamente un par de horas con la cazuela tapada.
Se saca la perdiz y se deja a parte, para despues de desmenuzarla ponerla de nuevo en la cacerola.
Se deja hervir cinco minutos mas y se sirve muy caliente.",180,Medio,No
Callos a la Madrilena,"80 ccs de aceite
2 cabezas de ajo
500 gramos de callos
1 cebollas
2 guindilla picante
150 gramos de jamon, punta 
1 hoja de laurel
1.5 kilos de mano de ternera
500 gramos de morro de ternera 
1 pizca de pimenton
6 granos de pimienta en grano
2 pimientos choriceros
1 pizca de sal
0.5 vasitos de vinagre ",8,"Poner en un barreno con agua, sal y vinagre durante una hora, los callos, la mano de ternera, partida por la mitad y el morro, previamente troceado.
Aclarar con varias aguas
Cuando esten bien limpios, ponerlos en una olla con agua fria y acercar al fuego hasta que rompa a hervir
Quitar el agua y poner a cocer incorporando la punta de jamon, la cabeza de ajos, el
laurel, la cebolla y la pimienta , sal y los pimientos choriceros.
Cocer lentamente hasta que todo este tierno
Rehogar en otra cazuela con aceite, dientes de ajo y cebolla picada, cuando este dorada, anadir el jamon cortado en taquitos y el chorizo en rodajas y una cucharada de pimenton.
Saltear cuidando que no se queme y retirar del fuego y colocar los callos en una cazuela de barro, con las manos deshuesadas y cortadas en trozos pequenos
Machacar los pimientos choriceros y pasarlos por el chino.
Agregar los pimientos, el sofrito preparado a la cazuela de los callos, completando con el caldo donde se han cocido los callos Poner al fuego y dejar cocer lentamente durante 30 minutos, rectificando de sal y guindilla hasta que la salsa quede espesa y escasa.
Servir en la misma cazuela de barro donde se han guisado.",180,Alto,No
Cordero asado tradicional,"4 dientes de ajo
2 cucharadas de manteca de cerdo 
2 kilos de paletilla  
30 gramos de perejil
1 cuchara de sal gorda
1 cucharadita de vinagre 
1 vaso de vino blanco",6,"En un mortero se machacan los ajos, el perejil, la sal gorda y la manteca de cerdo.
Con esa pasta se unta la carne por todos los lados, se le anade el vino y se mete al horno, primero fuerte y luego medio.
Cuando este dorado se le agrega una cucharita de vinagre por encima para que este crujiente y se pone el horno a fuego fuerte durante 5 minutos.",160,Medio,No
Magro de cerdo con arroz,"25 ccs de aceite
2 dientes de ajo
400 gramos de arroz
1 litro de caldo de carne
1 pizca de canela
300 gramos de carne de cerdo
200 gramos de guisantes
150 gramos de jamon serrano 
1 hoja de laurel
25 gramos de manteca de cerdo
1 pizca de nuez moscada 
1 ramito de perejil
1 pizca de pimienta
3 tomate maduros
1 pizca de tomillo",6,"
Se corta la carne a dados y se pone en una cazuela con la manteca de cerdo.
Cuando este cocida anadir la cebolla cortada muy fina y los ajos, cuando este el sofrito anadir el jamon y las hierbas (tomillo, laurel y perejil).
Cuando empiece a dorarse, anadir el tomate cortado muy fino, un poco de nuez moscada, la pimienta y la canela.Cuando todo este sofrito agregar el arroz, se le da un par de vueltas y se le incorpora el caldo que se habra hecho con las pastillas de caldo. Finalmente y cuando este casi en su punto, anadir los guisantes cocidos de antemano.",30,Medio,No
Cocido madrileno,"2 dientes de ajo
1 rama de apio
2 pastillas caldo
250 gramos de carne de anojo
300 gramos de garbanzos 
1 hueso de jamon
1 hueso de rodilla de vaca 
1 huevo
1 morcilla
50 gramos de pan rallado
2 patatas medianas
1 ramita de perejil
250 gramos de pollo
1 puerro
250 gramos de repollo 
1 pizca de sal
100 gramos de tocino 
2 zanahorias",4,"Se ponen en la olla todos los ingredientes pelados y lavados, en el primer hervor se espuma y se deja cocer, se anade agua si es necesario pues debe tener bastante caldo.
A media coccion se le agrega la albondiga o pelota, formada con un huevo batido, un poco de jamon picadito, ajo picado , perejil y pan rallado con esta masa se hace como una croqueta grande se frie en aceite de oliva y se anade al cocido.
Una vez que los garbanzos y las carnes esten tiernas se saca el caldo de la coccion, con este caldo se hace una sopa con fideos finos que sera el primer plato, el segundo plato seran los garbanzos con las verduras y la pelota o albondiguilla, partida en lonchas, el tercer plato seran las carnes mas el chorizo y la morcilla que se habra hervido a parte en un poco de agua.",60,Alto,No
Albondigas a la andaluza,"1 caparazon de pollo 
1 pizca de azafran
200 ccs de aceite de oliva
150 gramos de carne de ternera picada 
1 diente de ajo
1 cucharadita de pan rallado 
1 limon
150 gramos de pechuga de pollo picada
1 ramito de perejil
1 pizca de sal
3 huevos
1 punta de jamon fresca 
50 gramos de harina",4,"Ponemos la carne picada en un cuenco con el ajo picado, el perejil, un poco de sal, dos huevos y una cucharada de aceite. Anadimos pan rallado, sin que quede muy seca la masa.
Formamos bolitas, las pasamos por harina y las freimos en aceite bien caliente.
Ponemos un litro de agua y hervimos el pollo, junto con la punta de jamon fresca y dos cucharadas de aceite de freir las albondigas.
Dejamos hervir media hora.
Quitamos el pollo y el jamon y ponemos las albondigas, dejandolas cocer a fuego lento durante 1 hora. Batimos una yema con un chorro de limon y lo echamos a la salsa en el momento de apagar el fuego. Trocear el jamon y anadir.",100,Medio,No
Pierna de cordero asada al Jerez seco,"1 vasito de aceite de oliva 
1 ramito de romero 
400 gramos de champinones
1 pizca de sal
500 ccs de jerez
1.5 kilos de cordero",4,"En una cazuela de horno se pone la pierna, la sal y el romero.
Se vierte el jerez por encima y se deja cocer en el horno a fuego medio (220o, durante 50 o 60 minutos), si fuera necesario se le agrega un poco mas de jerez, hacia el final se anaden los champinones laminados (10 minutos ante de finalizar) para que cojan el sabor y se sube el fuego para que la carne se dore (a 320o).",60,Medio,No
Solomillo al jerez,"3 cebolletas
1 cucharadita de harina 
4 filetes de solomillo
1 diente de ajo
1 vaso de jerez
1 pellizco de pimienta negra molida 
2 tomates maduros
50 ccs de aceite
1 pizca de sal",4,"
Freir en una sarten el ajo picado sin que tome color, despues retirarlo; anadir la cebolla rallada y al rato el tomate pelado y tambien rallado.
A media coccion, anadir los solomillos, dejar cocer todo junto durante 10 minutos, dandole vueltas a la carne y sazonar. Diluir la harina en un poco de agua y agregar a la carne.
A continuacion anadir el jerez.
Dejar cocer 4 o 5 minutos mas y servir.",20,Medio,No
Atascaburras,"10 cucharadas de aceite de oliva 
50 gramos de nueces 
3 dientes de ajo 
8 patatas
300 gramos de bacalao desalado
4 huevos duros",4,"
Cocer las patatas con piel durante 30 minutos y, por separado, el bacalao durante 5 minutos.Reservar una taza del caldo del bacalao.Picar los ajos, pelar las patatas y desmigajar el bacalao.
En un mortero, machacar los ajos, incorporar la patata y mezclar.
Anadir el bacalao y mezclar bien.Agregar el aceite sin dejar de remover.
Si quedase muy espeso, anadir un poco de caldo del bacalao hasta conseguir la consistencia de un pure.Traspasar a los platos donde se vaya a servir y adornar con rodajas de huevo duro, nueces y un chorrito de aceite.",60,Bajo,No
Patatas a la riojana,"0.5 litros de agua
6 cucharadas de aceite 
2 dientes de ajo
1 cucharadita de sal
1 pimiento verde
2 patatas
10 rodajas de chorizo",2,"Se pone en la olla el aceite y cuando este caliente se echa los ajos, el pimiento en tiras y el chorizo Se marea un poco y antes de que se fria mucho se ponen las patatas cortadas a cuadritos
Se sazona y se le da unas vueltas
Seguidamente se echa el agua suficiente para que cubra las patatas
Se cierra la olla y se deja unos 15 minutos si es olla rapida; unos 5 minutos mas si es olla expres tradicional",40,Medio,No
Lomo en adobo,"1 cabeza de ajos
3 litros de agua
1 kilo de lomo chuletero 
1 ramito de hinojo
1 cucharada de pimienta negra molida 
2 limones
1 cucharada de sal",4,"Se pone a cocer el agua con el hinojo y una pizca de sal
En un mortero se machacan los ajos, se pone el lomo de cerdo en un trozo entero en un recipiente grande donde luego quepa el agua
Se exprime el zumo de los limones y luego se trocean las cascaras y se hecha todo encima del lomo
Se sala por todos lados y se le hecha pimienta por todos lados y se reserva
Cuando este el agua con el hinojo ya cocida, se deja enfriar y se le anade al lomo
Se mete en la nevera o en sitio fresco y seco y se deja macerar unos 3 dias dandole la vuelta al lomo, que tiene que esta cubierto siempre por el liquido
Al pasar estos dias ya esta listo para cortar y freir, se puede hacer lo mismo con las costillas de cerdo.",35,Bajo,No
Cochinillo asado,"300 ccs de agua 
1 pellizco de sal
4 kilos de cochinillo blanco entero 
1 chorreon de vinagre 
2 hojas de laurel
100 gramos de manteca de cerdo",8,"Pedir en la carniceria que limpien y preparen el cochinillo, quitandole la asadura y practicandole solo una pequena abertura en el vientre, lo justo para poderlo vaciar y limpiar.
Salar y coser para que quede bien cerrado.
Calentar el horno a 220-230o centigrados y poner el cochinillo en un recipiente, con las
manos hacia arriba y sobre unas tablitas o unos palitos de laurel, colocarlo de manera que
se sostenga sin moverse.
Agregar agua y cocer durante 2 horas aproximadamente.
Transcurrido este tiempo, sacar, darle la vuelta y pinchar con un tenedor para que suelte
el agua que haya podido absorber .Barnizar con un poco de manteca de cerdo para que
resulte brillante.
Proteger las orejas y el rabo con un poco de papel de aluminio para que no se quemen e introducir de nuevo en el horno 1 hora o mas.
En el ultimo momento rociar con el vinagre.
Debe quedar con la corteza dorada y crujiente, de manera que, apretando un poquito con el dedo, chasque como si fuera un pastel de hojaldre.",300,Medio,No
Pote gallego,"150 gramos de cerdo
4 chorizos
150 gramos de cordero, falda en trozos
750 gramos de garbanzos
1 kilo de grelos 
1 hueso de cana
150 gramos de jamon, en trozos
300 gramos de patatas
150 gramos de tocino fresco en trozos 
50 ccs de aceite
1 pizca de sal",8,"Se ponen los garbanzos la noche anterior en remojo.
Se pone la carne en una olla con agua fria para desalar la noche anterior.
Se escurren los garbanzos y se ponen en una malla pero sin llenarla, por lo que crecen, para que no se mezcle con el resto de los condimentos.
Se limpian los grelos y se trocean y se ponen en una cacerola con hueso de cana, aceite y sal.
Cuando esten tiernos se retiran del fuego y se escurren y se reservan.
En una cacerola se pone la falda de ternera, el tocino, la careta, el jamon y el chorizo a fuego lento.
Cuando esten casi cocidos, la carne y los garbanzos, se les agrega las patatas enteras y los grelos.
Se deja cocer hasta que todo este tierno y se sirven en una bandeja sin mezclar los ingredientes.",180,Alto,No
Gachas manchegas,"250 gramos de costillas de cerdo
6 dientes de ajo
100 gramos de guindilla vasca en vinagre 
500 gramos de harina de almortas o titos 
150 gramos de higado de cerdo
1 cucharadita de pimenton dulce
1 cucharada de oregano
200 ccs de aceite
200 gramos de tocino o panceta 
250 gramos de pan
1 pizca de sal",4,"En el aceite se frie muy tostadito el tocino, las costillas y el higado que es optativo segun gustos
Se reserva caliente
En el mismo aceite se doran los ajos
Se retiran
Se retira un poco de aceite y en el resto se dora la harina a la que se agrega el oregano, el
pimenton y poco a poco agua hasta lograr una fina masa
Se corrige de sal
Se sirven las gachas en caliente en la misma sarten acompanadas en plato aparte por las carnes, la guindilla y pan para ir mojando en ellas.",35,Alto,No
Mistela,"200 gramos de bacalao 
100 gramos de chorizo 
200 gramos de magro 
2 cabezas de ajos
1 cucharada de harina
80 ccs de aceite 
1 guindilla
1 pizca de sal",4,"Se trituran los ajos muy finamente y se rehogan en el aceite, cuando empiecen a estar dorados se anade el magro cortado en trocitos, el chorizo cortado en rebanaditas y el bacalao previamente desalado y desmigado
Cuando este casi todo cocido se anade la harina disuelta en un poco de agua
Se deja cocer un poco mas removiendo de vez en cuando para que no se pegue.",25,Alto,No
Fabada asturiana II,"4 hebras de azafran
200 gramos de chorizo
500 gramos de fabes
150 gramos de jamon, punta
125 gramos de lacon
15 gramos de manteca de cerdo
100 gramos de morcilla
1 pizca de pimienta
1 pizca de sal
125 gramos de tocino magro",4,"Se ponen todos los ingredientes a cocer menos las fabes que se habran tenido en remojo desde el dia anterior.
La manteca y el azafran que se machacan en el mortero.
A media coccion se agregan las fabes y la manteca con el azafran.
Se deja hervir muy despacio durante tres horas con el caldo que las cubra justamente en una cacerola bien tapada, en caso de necesitar agua siempre se le anade fria.
Cuando esten tiernas se sazonan con sal.",180,Alto,No
Rabo de Toro a la Cordobesa,"180 ccs de aceite
3 dientes de ajo
1 vasito de brandy
500 ccs de caldo de carne 
1 cebolla
1 pizca de estragon seco 
100 gramos de harina
1 hoja de laurel
2 puerros
1.5 kilos de rabo de toro
1 pizca de sal
2 tomates maduros
1 vasito de vino blaco seco 
3 zanahorias",6,"Rallar la cebolla.
Raspar y cortar las zanahorias y el puerro.
Trocear el tomate pelado.
Poner un poco de aceite en una sarten y rehogar en ella la cebolla y los ajos.
Cuando se ablanden, anadir los puerros y las zanahorias.
Pasar por harina los trozos de rabo y dorarlos en una cazuela con un poco de aceite.
Agregar los trozos de tomate, salpimentar y anadir las verduras de la sarten y dejar cocer 10 minutos. Cuando la carne vaya tomando color, anadir el brandy y el vino blanco.
Verter el caldo de carne, el laurel y el estragon.
Seguir cociendo durante 3 horas.
Servir la carne acompanada de la salsa, una vez pasada por el chino.
Si se quiere, se puede adornar con unas patatas al vapor, espolvoreadas con perejil picado",120,Medio,No
Champinones al Ajillo,"3 cucharadas de aceite 
2 cucharadas de perejil picado 
4 dientes de ajo 
1 pizca de sal
500 gramos de champinones",4,"Limpiar bien los champinones, cortarlos en laminas y salarlos.
En una sarten con aceite, poner a freir los ajos cortados a laminas y cuando empiecen a tomar ligeramente color dorado, anadir los champinones.
Darles unas vueltas y agregar abundante perejil picado.
Seguir rehogandolos hasta que los champinones esten en su punto.",15,Bajo,Si
Lentejas estofadas,"100 ccs de aceite
150 gramos de acelgas
1 cabeza de ajo
100 gramos de cebolla 
30 gramos de harina
1 hoja de laurel
300 gramos de lentejas 
1 pizca de pimenton
1 pizca de sal
3 zanahorias medianas",4,"Se cuecen las lentejas con las zanahorias cortadas en rodajitas, la hoja de laurel, la cabeza de ajo entera y las acelgas lavadas y picadas mas la sal.
El tiempo de coccion variara en funcion de la olla que se utilice, si es la olla rapida calcularemos unos 10 minutos y si se trata de la olla express un poco mas.
A parte, en una sarten se sofrie en aceite la cebolla picadita, se le anade la harina y cuando este tostada, se anade el pimenton y se retira la sarten del fuego para que no se queme el pimenton.
Inmediatamente se agregara poco a poco caldo de las lentejas hasta formar una crema que se incorpora a las lentejas.
Se deja cocer un poco mas y se sirven calientes.",60,Bajo,Si
Ensalada campera,"30 ccs de aceite de oliva
75 gramos de aceitunas 
25 gramos de cebolla
2 huevos duros
150 gramos de patatas
1 pizca de pimienta
1 pimiento verde
1 pizca de sal
3 tomates para ensalada 
2 cucharadas de vinagre",4,"Se lavan todas las verduras.Previamante habremos hervido las patatas cortadas en dados. Los tomates, cebolla y pimientos se cortan en trozos.
Se pone todo en un bol y se condimenta con sal y segun gustos con una pizca de pimienta.
Se agregan los huevos duros cortados en laminas, aceitunas, aceite y vinagre.
Nacionalidad: Dificultad: Preparacion: Vegetariana: No calorias:
Espanola Facil
20 min. Si
Medio",20,Medio,Si
Pimientos rojos rellenos,"4 cucharadas de aceite
2 dientes de ajo
400 gramos de carne picada de cerdo 
1 cebolla
4 huevos
1 cucharada de pan rallado 
1 pimiento verde
4 pimientos rojos
1 pizca de sal",4,"Cortar con cuidado la parte superior de los pimientos rojos para quitarles el rabo. Limpiarlos y reservarlos.
En una sarten con aceite, preparar un sofrito con los ajos cortados, el pimiento verde troceado y la cebolla cortada finamente.Cuando ya esten, anadiremos la carne picada y sal al gusto.
Seguir rehogando hasta que este todo bien hecho.
Batir los huevos y anadirlos al sofrito, removiendolo todo bien para ligar la masa.
Si quedase muy caldoso, anadir un poco de pan rallado para espesarlo.Con el sofrito rellenar los pimientos.
Untar con aceite la parte exterior de los pimientos y colocarlos en una fuente de horno. Introducirlos en el horno a fuego medio hasta que esten bien hechos.",30,Medio,No
Ensaladilla toledana,"5 cucharadas de aceite de oliva
2 dientes de ajo
2 cebollas
1 cucharadita de cominos molidos 
1 kilo de pimientos rojos
1 pizca de sal
500 gramos de tomates maduros 
1 vaso de vinagre",6,"En una bandeja de horno se ponen a asar los pimientos, los tomates y las cebollas. Una vez bien asados se sacan del horno y se cubren con un pano, una hora aproximadamente.
Se pelan, teniendo cuidado de no perder el jugo que sueltan.
Una vez pelados los pimientos, los tomates y la cebolla, se cortan en tiritas y se ponen con su jugo en una ensaladera.
Agreguese el aceite, el vinagre, los cominos, la sal y los ajos muy picaditos.
Esta ensalada se toma fria.",30,Bajo,Si
Berenjenas de Almagro,"1 cucharada de aceite de oliva
6 dientes de ajo
4 hebras de azafran
500 gramos de berenjenas
300 ccs de vinagre 
1.5 cucharadas de comino en grano
3 hojas de higuera o vid
1 pellizco de pimienta negra molida
500 gramos de pimientos 
2 cucharadas de sal",4,"Se asan los pimientos enteros dandoles vueltas para que se hagan bien por todos los lados durante unos 35 minutos a horno medio.
Una vez asados se les quita la piel y se despepitan cuidando de no perder el liquido que sueltan y se cortan en tiras de unos dos dedos de ancho.
El liquido de los pimientos y el que pudo quedar en la bandeja se cuela y se reserva.
Se prepara una mezcla o majado con la mitad de la sal, los ajos picados, la pimienta, el
azafran, los cominos que se habran machacado ligeramente en el mortero, un tercio del
vinagre, el aceite de oliva y el liquido de los pimientos.
Con esta mezcla se banan los pimientos y se dejan reposar en la nevera unas 12 horas.
Se lavan muy bien las hojas de higuera o vid y las berenjenas.
Se cuecen las berenjenas en una cacerola con una hoja de higuera en el fondo y las otras
dos encima de las berenjenas con el resto de la sal a fuego medio unos 30 o 35 minutos
dependiendo el tiempo del tamano de las berenjenas.
Una vez cocidas se escurren reservando el agua de la coccion convenientemente colada.
Se las deja enfriar y se les hace entonces una incision a lo largo sin llegar a tocar el tallo y en cada hendidura se va colocando una o dos tiras de pimiento ensartando en conjunto con un palillo para que se sujeten bien.
Se van depositando en un recipiente de cristal de boca amplia y se cubren hasta sus dos tercios con el agua de la coccion de la berenjenas, se termina de cubrirlas con agua, se anade entonces el liquido sobrante del majado de los pimientos y el resto del vinagre.
Se dejan reposar unas 24 horas y se rectifica entonces si es necesario de sal y vinagre.",90,Bajo,Si
Tumbet,"1 hoja de laurel
500 gramos de patatas
500 gramos de tomates maduros 
1 cucharadita de azucar
0.5 cucharaditas de sal
4 pimientos verdes
1 pizca de pimienta negra molida 
2 berenjenas
150 ccs de aceite
3 dientes de ajo picados",4,"Se pelan las patatas y se cortan a rodajas finas, se salan y se frien.
Luego se colocan en una bandeja.Con el mismo aceite se van tratando el resto de las verduras.
Las berenjenas, cortadas en rodajas y sazonadas con sal, tambien se frien y se ponen encima de las patatas.
Los pimientos, troceados, el mismo trato.
Al terminar, si el aceite de la bandeja es excesivo, escurrirlo.
Los tomates, pelados, cortados, se mezclan con los ajos y con el laurel y se hace una salsa, sazonada con sal, pimienta y azucar, a fuego lento hasta que se espese.
Esta salsa se vierte encima de las verduras.
Suele servirse solo o como acompanamiento de carnes.",25,Medio,Si
Croquetas de pollo,"200 ccs de aceite
1 pastilla caldo
3 cucharadas de harina 
2 huevos
1 litro de leche
2 cucharadas de mantequilla
1 pizca de nuez moscada
250 gramos de pan rallado
500 gramos de pollo",6,"En una sarten se deslie ligeramente la mantequilla o margarina, se anade la harina y se
rehoga hasta que este tostadita.
A fuego medio, se va anadiendo la leche, poco a poco, hasta formar una bechamel espesa,
se condimenta con el caldito y la nuez moscada.
En una cacerola se cuece el pollo y una vez cocido se desmenuza, a la bechamel se le
anade el pollo desmenuzado, se sigue cociendo, sin dejar de revolver, hasta que la masa
se despegue de la sarten.
Se deja enfriar.
Se baten los dos huevos en un plato.
En otro plato se dispone el pan rallado.
En una sarten se pone el aceite para freir las croquetas.
Se va cogiendo la masa ya fria con una cucharita se moldea la croqueta en forma ovalada, se pasa por el huevo y luego por el pan rallado.
Una vez moldeadas las croquetas se frien en aceite bien caliente, hasta que esten doradas.
Se sirven calientes.",75,Medio,No
Patatas al queso de Cabrales,"2 huevo claras 
6 patatas
1 huevo
100 gramos de queso de cabrales 
30 gramos de mantequilla
1 pizca de nuez moscada",4,"
Se asan las patatas con su piel, hasta que esten tiernas, lo sabremos pinchado con un cuchillo , si estan blandas ya se pueden retirar.
Una vez asadas se parten por la mitad a lo largo y se vacian de pulpa.
Con esta pulpa, la mantequilla, el queso, la nuez moscada y una yema se hace como una crema, se le anaden las claras a punto de nieve fuerte y se rellenan las patatas y se ponen a gratinar, cuando tomen color estan hechas.
Sirven de acompanamiento o bien solas como primer plato.",40,Medio,Si
Empanada de atun,"1 vaso de aceite frito
100 gramos de aceitunas 
300 gramos de atun en aceite
2 cebollas
500 gramos de harina
2 huevos crudos
2 huevos duros
10 gramos de levadura
50 gramos de pimiento 
1 pizca de sal
1 vasito de vino blanco",4,"Se dispone la harina en forma de volcan o circulo, se esparce la levadura, en el centro se cascan los huevos crudos y se anade el vino, se amasa incorporando poco a poco el aceite frito, cuando se halla conseguido una pasta suave se tapa con un pano y se deja reposar 10 minutos.
Para el relleno rehogamos suavemente las cebollas cortadas en laminas finas hasta que esten tiernas.
Fuera del fuego se incorpora el atun desmenuzado y sin aceite, las aceitunas partidas en dos y el pimiento morron cortado en tiritas.
Se mezcla con cuidado.
Con la mitad de la masa se forra una fuente de horno previamente engrasada. Sobre la masa se extiende el relleno mas los huevos duros cortados en rodajas.
Se cierra la empanada con la otra mitad de masa que ya se tiene extendida.
Se pinta la tapa con una yema y se mete al horno medio durante unos 35 minutos.",45,Medio,No
Tortilla de patatas,"150 ccs de aceite
100 gramos de cebolla
6 huevos
4 patatas grandes 
1 pizca de sal",4,"Se pelan las patatas, se lavan se cortan en laminas.
Se frien en la sarten el aceite primero a fuego bajo.
Cuando empiecen a hacerse las patatas se incorpora la cebolla tambien cortada en laminas
y se va subiendo el fuego poco a poco para que el conjunto tome color.
Una vez hecho se escurre el aceite de las patatas y la cebolla.
Se baten bien los huevos con una pizca de sal, se echan las patatas y la cebolla y se
remueven con los huevos.
Se echan dos cucharadas de aceite en la sarten y se incorporan las patatas con los
huevos.
Cuando se cuajan por abajo se da la vuelta con un plato, para hacer el otro lado.Se repite la operacion varias veces, tiene que quedar jugosa por dentro.
Cuando esta doradita por las dos caras se retira y se sirve.",30,Medio,Si
Huevos al plato a la madrilena,"1 cucharada de aceite
100 gramos de chorizo
80 gramos de guisantes
8 huevos
100 gramos de jamon serrano
1 cucharada de mantequilla
50 gramos de pimiento 
1 pizca de sal",4,"Se corta el chorizo, el jamon y el pimiento morron en trocitos.
Se distribuye la mantequilla y el aceite a partes iguales en las cazuelitas. Se rehogan los guisantes, el pimiento, el chorizo y el jamon unos minutos. Se escalfan dos huevos por cazuelita.
Se dejan al fuego hasta que la clara empiece a cuajarse.
Se sirven inmediatamente condimentados con sal a gusto.",15,Medio,No
Tomates rellenos de huevo,"50 ccs de aceite
4 huevos
4 cucharadas de leche
1 pizca de pimienta negra molida
4 cucharadas de queso rallado 
1 pizca de sal
6 tomates rojos medianos",4,"Se cortan las tapas de arriba de los tomates, se vacian y se ponen boca abajo para que suelte el liquido.Se baten los huevos como para tortilla, o sea ligeramente, se le anade el queso, la pimienta, la sal y la leche.
Se rellenan los tomates y se ponen en una fuente de horno aceitada.
Se meten en el horno hasta que el huevo este cuajado (unos veinte minutos).",20,Medio,Si
Ensaladilla rusa,"200 ccs de aceite
150 gramos de aceitunas deshuesadas 
70 gramos de atun
5 esparragos
200 gramos de guisantes
2 huevos
200 gramos de judias verdes
1 kilo de patatas
2 pimientos morrones 
1 pizca de sal
1 tomate
4 zanahorias
1 chorrito de vinagre",4,"Se cuecen las patatas, los guisantes, las judias y las zanahorias todo cortado en dados pequenos.
Una vez cocidas estas verduras se refrescan pasandolas por agua fria y se mezclan con el atun desmenuzado y las aceitunas partidas por la mitad.
Se prepara una salsa mayonesa pasando por la batidora los huevos con la sal, el vinagre y el aceite por este orden.
Se incorpora la mayonesa a las verduras mezclando bien.
Se pasa a una fuente de servir y se decora con los esparragos, el pimiento morron y el tomate cortadito.",20,Medio,No
Pisto de verduras,"70 ccs de aceite
1 litro de agua
3 dientes de ajo
3 hojas de albahaca 
1 apio
1 cebolla 3 patatas
1 pizca de pimienta negra molida 
1 pimiento rojo
1 puerro
200 gramos de tomates maduros 
1 ramito de tomillo
3 zanahorias",4,"Se calienta una cucharada de aceite de oliva en una cacerola y se echa la cebolla, el puerro y el tomillo se cuece hasta que la cebolla empiece a tomar color.
Luego se anaden el apio cortado en rodajas, patatas cortadas en dados, tomates pelados y cortados y las zanahorias y el pimiento se cubre con agua y se deja cocer hasta que las verduras esten tiernas.
Se condimenta con pimienta negra y albacaha y se corrige de sal.",45,Bajo,Si
Paella Valenciana,"5 cucharadas de aceite de oliva 
1.4 litros de agua
50 gramos de alcachofa
425 gramos de arroz
1 pizca de azafran
150 gramos de conejo
25 gramos de garrofon
50 gramo es de judias verdes anchas 
0.5 cucharitas de pimenton
150 gramo es de pollo
3 cucharada es de tomate",6,"Se calienta el aceite en la paella y cuando empieza a humear, se echa el conejo y el pollo troceados, dorandolos a fuego medio.
A continuacion, se anade la verdura troceada y se sofrie durante un par de minutos. Seguidamente, haciendo un hueco en medio de la paellera, se sofrie el tomate y cuando empieza a oscurecer, se echa el pimenton con cuidado que no se queme.
Se mueve bien y se anade agua hasta el borde de la paellera.
Se deja cocer la paella durante 30 minutos, rectificando de sal.
Se anade el arroz y las hebras de azafran, teniendo cuidado de repartir bien todo el arroz por la paella, y se deja hervir a fuego vivo hasta que el arroz este en su punto y el caldo se evapore por completo.
Se deja reposar cinco minutos, tapada por un pano.",50,Medio,No
Arroz con pollo,"300 gramos de pollo
25 ccs de aceite
2 dientes de ajo
400 gramos de arroz
1 pizca de azafran 
1 cucharada de cebolla
1 pastilla de concentrado de pollo
1 cucharada de pimiento verde picado 
3 cucharadas de tomate frito",4,"En una cazuela con aceite, rehogar los ajos, la cebolla partida fina y el pimiento troceado fino.
Cuando empiecea tomar color, anadir los trozos de pollo y rehogarlo todo junto.
Cuando el pollo este dorado, anadir el tomate frito y darle unas vueltas.En ese momento, agregar agua hasta cubrir los ingredientes.
Incorporar el arroz, el azafran y la pastilla de caldo de pollo.
Dejar hervir 20 minutos a fuego medio, hasta que el arroz este hecho. Servir un poco caldoso.",35,Bajo,No
Arroz negro,"100 ccs de aceite de oliva 
2 dientes de ajo
500 gramos de arroz
150 gramos de calamar
1.5 litros de caldo de pescado 
1 cucharada de cebolla picada
1 pizca de pimenton dulce
150 gramos de sepia
0.5 vasitos de tinta de calamar
2 cucharadas de tomate triturado",6,"En una paellera se calienta el aceite de oliva y se anade la cebolla picada, dejandola hasta que comience a dorarse, se trocea la sepia y el calamar en trozos regulares y se anade junto con los ajos picados, se sofrie unos minutos y se anade el tomate, a continuacion el pimenton y rapidamente el arroz.
Se sofrie un minuto el conjunto y se anade el caldo hirviendo, la tinta de calamar disuelta en un poco de caldo y se rectifica de sal.",50,Bajo,No
Pasta a la marinera.,"500 gramos de lacitos 
1 kilo de chirlas
1 kilo de tomates
1 pimiento
1 cebolla
1 pellizco de oregano
25 gramos de mantequilla
50 gramos de queso rallado",6,"Se limpian las chirlas cambiandolas de agua tres o cuatro veces.
Se cuecen y se les quitan las conchas.
El agua de la coccion se reserva.Con este agua una vez puesta la sal, se cuece la pasta (20 minutos).Se hace un sofrito con la cebolla, el pimiento, esto finamente picado y el tomate, se le anade una cucharada de azucar para quitar la acidez y un poquito de oregano.Se quita el agua a la pasta y se pone esta en una cacerola con la mantequilla al fuego.Se marean hasta la total disolucion de la mantequilla.
Se le anade el sofrito hecho previamente y las chirlas.
El queso se sirve a parte y a gusto del comensal.",35,edio,No
Arroz a la marinera,"3 cucharadas de aceite 
2 dientes de ajo
300 gramos de arroz
4 hebras de azafran
1 cucharada de cebolla picada 
200 gramos de gambas
1 hoja de laurel
1 limon
1 cucharada de pimiento verde picado 
250 gramos de rape
1 pizca de sal
1 tomate maduro picado",4,"Se hace un sofrito con el tomate, la cebolla, el ajo y el laurel.
Se hace un caldo con el rape y las cabezas de las gambas de las que reservaremos las colas peladas.
Se agrega el caldo colado al sofrito y se adereza con azafran, se agrega el arroz y se deja cocer, 4 o 5 minutos antes de su coccion total se agregan las gambas y el rape cortado en dados y se corrige de sal.
Es un arroz caldoso, en el momento de reposo fuera del fuego se le puede poner unas rodajitas de limon.",50,Medio,No
Paella de mariscos,"300 ccs de aceite
3 dientes de ajo
600 gramos de arroz
4 hebras de azafran
150 gramos de calamares
1.2 litros de caldo de pescado
4 cigalas
8 cucharadas de tomate natural rallado 
8 gambas gordas
1 cucharadita de pimenton dulce
150 gramos de sepia",6,"Partimos, los calamares y la sepia en trozos de unos 2 cm.
Ponemos el aceite a calentar y cuando este caliente, salteamos las gambas y las cigalas durante 2 minutos, las sacamos.
A continuacion, incorporamos los calamares y la sepia y los sofreimos hasta que empiecen a tomar un color dorado, en ese instante, anadimos el tomate y los ajos picados muy finos y lo freimos bien, hasta que empiece a tomar color, entonces ponemos el pimenton dulce, lo removemos todo e incorporamos el arroz.
A continuacion, el caldo hirviendo y dejamos cocer todo a fuego vivo.
A los 10 minutos de coccion, colocamos las gambas, las cigalas por encima y dejamos cocer otros 10 minutos mas, hasta que el caldo se evapore por completo.",50,Medio,No
Paella de la huerta,"150 ccs de aceite de oliva 
2 dientes de ajo picado
3 alcachofas
400 gramos de arroz
1 pizca de azafran
1 berenjena
1 calabacin
1 pastilla caldo de verdura
20 gramos de cebolla
300 gramos de coliflor
100 gramos de habas tiernas
150 gramos de judia verde
1 cucharada de pimenton dulce 
1 pizca de sal
2 tomates naturales rallados",6,"Partimos todas las verduras, menos la cebolla, en trozos de unos 3 o 4 cm.
y las hervimos.
Reservamos el agua de la coccion.
Calentamos el aceite en la paellera hasta que empiece a calentarse bien y anadimos la cebolla picada, cuando empiece adorarse, incorporamos el resto de las verduras y a fuego muy suave las rehogamos durante 15 minutos, moviendolas con frecuencia. Despues, anadimos el tomate rallado y lo freimos otros 5 minutos mas.
Una vez frito esto, incorporamos el pimenton y un minuto despues, el arroz, el ajo picado y el azafran. Rehogamos el conjunto durante 1 minuto mas y echamos el caldo de la verdura.
Dejamos cocer a fuego medio durante unos 15 minutos.",50,Bajo,Si
Macarrones a la Catalana,"1 huevo
250 ccs de leche
400 gramos de macarrones 
25 gramos de mantequilla
80 gramos de queso parmesano",4,"En una fuente para el horno poner un huevo batido, leche, el queso y la salsa de haber asado un pollo.
Mezclarlo todo bien.Cocer en abundante agua salada los macarrones y cuando esten anadirlos a la fuente y mezclarlo todo.Poner por encima queso rallado y mantequilla.
Gratinarlos.",25,edio,Si
Arroz a la marinera II,"150 ccs de aceite de oliva
3 dientes de ajo
200 gramos de almeja o chirla 
500 gramos de arroz
1 gramo de azafran o colorante 
100 gramos de calamar
1.5 litros de caldo de pescado
1 cucharada de cebolla picada
8 gambas grandes
1 cucharadita de pastis o anis seco
1 pizca de pimenton dulce
1 cucharada de tomate grande rallado",6,"Pelamos las gambas y reservamos las cabezas y las colas peladas.
En un cazo hondo, calentamos el aceite de oliva y rehogamos poco a poco la cebolla picada, hasta que comience a dorarse.Seguidamente avivamos el fuego, anadimos las cabezas de las gambas, las sofreimos machacandolas con un tenedor para que suelten los jugos, y las desechamos.
A continuacion, incorporamos el calamar troceado y dos ajos picados, y lo rehogamos tambien.
Para terminar el sofrito, anadimos el tomate rallado y lo dejamos a fuego medio hasta que comience a oscurecerse, anadimos el pimenton y el arroz y lo sofreimos un par de minutos.
Una vez terminado el sofrito, vertemos el caldo hirviendo, el azafran, el ultimo ajo picado, las almejas y dejamos cocer 14 minutos, removiendo de vez en cuando.
Para terminar el plato, anadimos el pastis, las colas de las gambas, dejamos cocer 2 minutos mas, apagamos el fuego y dejamos reposar 4 o 5 minutos.",50,Medio,No
Fideua de marisco,"600 gramos de cigalas medianas
3 tomates maduros
1 cucharadita de pimenton picante 
1 pellizco de hebras de azafran
600 gramos de rape
600 gramos de fideos gordos
2 dientes de ajo
2 litros de caldo de pescado
1 pizca de sal
12 chirlas
500 gramos de gambas frescas 
12 mejillones
150 ccs de aceite de oliva",4,"Poner la paella sobre el fuego y sofreir con el aceite de oliva las gambas y cigalas, despues retirarlas y reservarlas. A continuacion sofreir el rape, anadir el ajo picado, el tomate pelado y picado, el azafran y el pimenton.
Anadir el caldo de pescado y cuando empiece a hervir agregar los fideos, repartiendolos bien por la paella. Sazonar con sal, colocar las gambas, las cigalas y las chirlas y cocer unos 10 minutos.
Meter 5 minutos al horno para que se seque y se dore.
Entre tanto se cuecen los mejillones al vapor y se colocan por encima.",50,Medio,No
Gambas al ajillo,"6 cucharadas de aceite
4 dientes de ajo
500 gramos de gambas peladas crudas
4 guindillas de cayena 
1 pizca de sal",4,"Calentar el aceite en una cazuela de barro incorporar los ajos picaditos y las guindillas partidas, rehogar hasta que el ajo empiece a tomar color e incorporar las gambas sin dejar de remover unos 2 minutos
Aderezar de sal a gusto
Antes de servirlas conviene tapar la cazuela con tapa de barro o un plato
Se sirve y se prepara tambien en cazuelitas individuales al igual que las angulas.",15,Medio,No
Merluza en salsa verde.,"250 ccs de aceite de oliva 
5 dientes de ajo
1 taza de caldo
1 kilo de merluza 
1 taza de perejil",4,"Se frie el aceite y en este se refrien los ajos y se retiran de la sarten.
En una cazuela de barro se vierte la mitad o un poco menos del aceite.
Se pone sobre el aceite la merluza cortada en rodajas gruesas.
Se le anade una taza llena de perejil picado y el caldo.
A los diez minutos de fuego lento se le da vuelta a la merluza y se comienza a ir vertiendo el aceite que quedo.
Se vierte poco a poco y sin dejar de mover la cazuela en un movimiento de ida y vuelta. Una vez ligada, que seran unos quince minutos, se aparta del fuego y se deja reposar tapando la cazuela.
Se decora con los ajos fritos.",50,Bajo,No
Merluza a la Bilbaina con pimientos rojos.,"80 ccs de aceite
4 dientes de ajo
50 gramos de harina para rehogar 
2 huevos
800 gramos de lomos de merluza 
3 pimientos rojos
1 pizca de sal",4,"Asar los pimientos en el horno a fuego medio, una vez asados limpiarlos de pepitas y quitarles la piel, cortandolos en tiras
Reservar.
Batir las claras de los huevos a semipunto de nieve e incorporar las yemas, seguir batiendo hasta conseguir una mezcla homogenea.
Enharinar los lomos de merluza, salar y pasarlos por los huevos
Freir ligeramente la merluza y reservar.
En una cazuela con una cucharada de aceite dorar los ajos cortados en laminas, colocar los pimientos asados y encima los lomos de merluza.
Poner a fuego suave hasta que la merluza este hecha, unos 5 minutos.",40,Medio,No
Bacalao al pilpil,"300 ccs de aceite
5 dientes de ajo
750 gramos de bacalao especial para el pil-pil
2 guindilla picante",4,"Desalar el bacalao poniendolo en remojo cambiandole el agua hasta tres veces en 24
horas.
En una cazuela de barro se pone el aceite a calentar, echar los ajos pelados y laminados y
la guindilla, freir hasta que tomen color.
Retirar la cazuela y esperar a que el aceite se enfrie un poco, entonces se ponen los trozos
de bacalao dentro del aceite con la piel hacia abajo.
Seguir moviendola para que se vaya formandolo la salsa al tiempo que el bacalao suelta la
gelatina (unas bolitas blancas que quedan al fondo) lo mas importante es mantener
constante la temperatura del aceite que debe ser templada.
Se monta la salsa dando movimientos rotatorios a la cazuela y con mucha paciencia
esperar que la salsa vaya espesando gracias a la gelatina que va soltando.
Tambien se le puede anadir una gotitas de leche para que espese mas rapidamente o en mover el aceite con un colador pequeno para que se vaya formando la salsa.
Servirlo decorado de el ajo frito y la guindilla.",30,Alto,No
Calamares en su tinta,"2 cucharadas de aceite
1 diente de ajo
1 kilo de calamares en rodajas
2 cebolla
1 cucharadita de harina
1 hoja de laurel
1 pizca de sal
2 tinta de calamar en bolsita 
1 cucharada de tomate frito 
1 vaso de vino",4,"Se limpian y se trocean los aros de calamar.
Se rehogan en el aceite la cebolla cortada en laminas finas, el ajo cortadito y el laurel.
Se dejan cocer con una pizca de sal hasta que empiece a tomar color.
Se incorporan entonces los calamares y la tinta disuelta en el tomate y el vino y se deja cocer con un poco de agua hasta que el calamar este tierno.
Si la salsa esta muy clara se espesa con un poquito de harina de maiz o fecula de patata. Se acompana con un arroz blanco.
Arroz blanco: Herviremos un vaso de arroz en dos y medio de agua con un poco de sal y un chorrito de aceite durante 20 minutos, una vez hecho lo lavaremos en abundante agua fria sobre un colador.",30,Bajo,No
Pescado escabechado,"200 ccs de aceite
2 cabezas de ajo
5 hojas de laurel
1.5 kilos de pescado
15 granos de pimienta negra 
1 pizca de sal
0.5 litros de vinagre",6,"Esta receta es para pascado azul
Sardinas, jurel, atun, bonito etc.
Este pescado queda riquisimo si se cocina y se guarda de 8 a 10 dias.
Se lavan y se limpian de espinas los pescados y se trocean en lonchas grandes, se escurren y se sazonan. En una cacerola grande de vierte el aceite y se van poniendo los trozos para freirlos.
En el mismo aceite se frien los ajos y el laurel hasta que esten doraditos.
Se le anade el vinagre, la pimienta y un litro y medio de agua dejandolo cocer treinta minutos.",25,Bajo,No
Merluza a la asturiana,"100 ccs de aceite
250 gramos de almejas 
1 cebolla grande
25 gramos de harina
6 rodajas de merluza
2 pan, rebanadas en picatostes 
1 cucharadita de pimenton
3 vasitos de sidra",4,"Se cuece la merluza en caldo corto durante 5 minutos.
Se deja enfriar en su caldo y se escurre.
Se da un hervor a las almejas.
En una cacerola se calienta el aceite y se dora la cebolla muy picadita. Se anade la harina y el pimenton.
Se deslie con el agua de cocer las almejas y se le echa la sidra.
Se deja hervir lentamente durante media hora.
Se coloca la merluza en una cazuela de barro, se adorna con las almejas, se le echa la salsa por encima y se mete al horno unos 10 minutos.
Se sirve en la misma cazuela adornado con unos picatostes.",50,Bajo,No
Lubina al horno,"100 ccs de aceite
2 dientes de ajo
1 cebolla
1 vaso de jerez seco 
0.5 litros de zumo
1 kilo de lubina
1 pizca de sal
3 tomates frescos",4,"Limpia la lubina, se coloca sobre la fuente refractaria, con la cebolla cortada en laminas muy finas.
Rociese con el aceite, el vino jerez, el zumo de un limon, los tomates pelados y triturados. Se machacan los ajos y el perejil y se anade a la lubina.
Sazonar con la sal y se mete al horno.
Pasados diez minutos se le rocia con su propio jugo en otros quince o veinte minutos mas ya estara lista.",50,Bajo,No
Dorada a la espalda,"4 dientes de ajo
4 patatas medianas
1 cebolla
700 gramos de dorada
1 copa de whisky
1 ramito de perejil
45 ccs de aceite de oliva",2,"Se corta la cebolla en cachos pequenos y se frie hasta dorarla un poco y se hecha en una fuente. Con las ramas de perejil encima, se coloca la dorada abierta con la piel hacia abajo.
Se sazona con poca sal.
Se pelan los ajos y se cortan en lonchas pequenas o a gusto de la persona
Se frien hasta dorar un poco, y se hecha sobre la dorada
para macerar.
Luego se pelan las patatas y se cortan en rodajas finas, friendolas sin llegar a dorarla del todo.
Se echan repartidas por la dorada.
Cuando el horno este bien caliente sobre los 220g se coloca la fuente en la misma dejandola aproximadamente 20 minutos, a los 10 minutos de estar en el horno, se hecha la copita de whisky o el licor que uno quiera dejandolo hasta los 20 minutos totales. Despues se saca y se sirve bien caliente.",50,Medio,No
Bogavante con arroz,"200 ccs de aceite de oliva 
400 ccs de agua
1 diente de ajo
200 gramos de almejas
700 gramos de bogavante
1 cucharada de cebolla picada 
1 cucharadita de perejil picado
1 pimiento rojo
1 pizca de sal
100 gramos de setas 
1 tomate
400 gramos de arroz",6,"En primer lugar se saltea en un poco de aceite de oliva el pimiento y la cebolla.
Cuando este a medio rehogar se anade el ajo y el perejil y se pocha bien.
Se agregan las setas, las almejas y el tomate pelado y cortado en dados, cuando este todo bien sofrito, incorporamos el arroz y cubrimos con agua, el doble de agua por unidad de arroz.
Cuando empiece a hervir sazonamos y anadimos el bogavante en trozos, dejando cocer hasta que el arroz este en su punto. Unos 20 minutos.",40,Bajo,No
Cocochas,"8 cocochas
3 dientes de ajo picado
200 ccs de aceite de oliva
20 gramos de perejil",4,"Se pone un poco de aceite de oliva en una cazuela de barro
Cuando el aceite esta templandose se le anaden los ajitos muy bien picaditos, las cocochas y perejil bien picado.Se mueve la cazuela continuamente, de delante a atras, hasta que la salsa quede ligada.",30,Bajo,No
Lubina a la cebolla,"4 cucharadas de aceite
750 gramos de cebolla
1 cucharada de perejil picado 
1 pizca de sal
1 kilo de lubina en filetes 
1 pizca de pimienta",4,"Se pelan y se cortan en laminas finas las cebollas.
Se colocan en una fuente de horno con una pizca de sal y el aceite.
Se asan hasta que esten tiernas.
Entonces se colocan los filetes de lubina sin espinas ni piel sobre la cebolla, se adereza con el perejil y la pimienta y se vuelve a meter al horno un momento hasta que la lubina este hecha.",30,Bajo,No
Boquerones en vinagre,"1 kilo de boquerones
3 dientes de ajo
1 cucharada de perejil picado 
1 vaso de vinagre
5 cucharadas de sal gorda
1 chorreton de aceite de oliva",4,"Se limpian bien los boquerones quitandoles la cabeza, tripas y espina central.
Se lavan bien y se dejan en abundante agua fria durante media hora.
Se escurren bien y se ponen en una fuente honda de cristal o loza, con el vinagre y un punado de sal gorda.
Se dejan unas 10 horas hasta que esten blancos.
Se escurren y se ponen en una fuente.
Se aderezan con los ajos picaditos, el perejil y el aceite de oliva.
Se sirven como aperitivo.
No deben tocarse con nada metalico, si han de moverlos se debe hacer con una cuchara o tenedor de madera.",45,Bajo,No
Bacalao rebozado,"1 cucharadita de oregano 
3 dientes de ajo
250 gramos de harina
2 cucharadas de aceite
1 cucharadita de perejil picado
3 cucharadas de vinagre 
200 ccs de agua
700 gramos de bacalao 
200 ccs de cerveza",4,"Se pone a desalar el bacalao durante 24 horas sino es muy grueso.
Se le quita la piel y las espinas.
Se machaca en el mortero oregano, perejil y ajo cuando queda una pasta se le echa el vinagre y el agua. Esta majada se pone encima del bacalao se deja reposar durante una hora.
Se escurre muy bien.
Se pone la harina con el aceite, cerveza y una pizca de sal se mezcla bien.
Se reboza con esta mezcla cada tira de bacalao y se ponen a freir en abundante aceite y muy caliente. Cuando estan doradas se retiran.",45,Medio,No
Besugo asado,"3 cucharadas de aceite 
1.5 kilos de besugo
1 cebolla pequena
1 limon
1 ramito de perejil",4,"
Bien limpio el besugo se coloca en la besuguera haciendo tres cortes en los que se colocan rodajas de limon, se parte la cebolla en laminas y se reparten por la besuguera.
Rociese con aceite y metase al horno.
Se cubre el besugo en la primera parte de la coccion con una hoja de papel de aluminio y luego se retira para que se dore.",60,Medio,No
Almejas salteadas.,"1 kilo de almejas
1 limon zumo
1 cucharada de perejil picado
1 pizca de sal",4,Pongase las almejas a fuego fuerte y cuando se abran rociese con el limon y se espolvorean con perejil picado.,15,Bajo,No
Calamares fritos,"2 kilos de calamar fresco 
250 gramos de harina
1 limon
250 ccs de aceite 
1 pizca de sal",6,"Limpiar el calamar y cortar en anillos
Pasar por la harina, sacudiendo un poco esta
Freir a 250 grados y una vez que esten algo doraditos, retirar para servir con un trocito de limon.",35,Bajo,No
Empanada gallega de lamprea,"125 ccs de aceite
500 gramos de cebollas en rodajas 
150 gramos de harina de maiz
250 gramos de harina de trigo
2 huevos
1 lamprea
150 gramos de manteca de cerdo 
1 pizca de pimienta
1 pizca de sal",4,"Mezcla las dos clases de harina y colocalas sobre la mesa en forma de anillo.
En el centro del mismo pon la manteca de cerdo, el huevo y algo mas de media taza de agua y amasala bien.
Cuando la masa este suficientemente trabajada espolvorea la mesa de harina, pon sobre ella la masa y estirala con el rodillo hasta darle el grosor de algo menos de 1 cm.
Corta con un plato 2 circulos de masa y con uno de ellos forra el interior de un molde para horno.
Aparte, rehoga la cebolla en el aceite hasta que tome buen color y salpimentala.
Incorporale la lamprea cortada en trozos y rehogala tambien durante 3 minutos.
Vuelca luego la lamprea con su jugo en la tartera y cubrela con el otro disco, uniendo bien los bordes.
Pinta la empanada con un poco de huevo batido y metela en el horno moderadamente caliente durante 20 minutos o hasta que la masa tome buen color.",80,Medio,No
Ajoarriero a la tudelana,"1 pizca de sal 
800 gramos de bacalao 
125 ccs de salsa de tomate
4 dientes de ajo
2 cucharadas de aceite",4,"Secar el bacalao, despues de haberlo desalado, retirar las pieles y espinas y deshilacharlo. Cortar los dientes de ajo en laminas.
En una cazuela con aceite, dorar los ajos y anadir la salsa de tomate y el bacalao.
Al primer hervor, bajar el fuego y cocer hasta que se evapore.
Rectificar de sal y servir.",40,Medio,No
Sopa de marisco,"100 ccs de aceite
100 gramos de cebolla 
375 gramos de gambas 
1 cucharada de harina 
1 hoja de laurel
1 pizca de pimenton dulce
300 gramos de rape
2 cucharadas de tomate frito 
150 ccs de vino blanco seco",4,"Se hace un caldo con el rape, las cabezas de las gambas, la hoja de laurel y sal a gusto. Se prepara un sofrito refriendo en aceite la cebolla muy picadita, se anade la harina, se dora un poco y se le incorpora el pimenton, cuidando que no se queme, por lo que se va diluyendo con un poco de caldo de la coccion, se le agrega el tomate y el vino cuando se ha conseguido una suave crema se une al caldo de pescado previamente colado.
A este caldo se le suma las gambas peladas y la carne del rape desmenuzada y sin espinas.
Se sirve caliente.",45,Medio,No
Gazpacho andaluz,"120 ccs de aceite de oliva 
500 ccs de agua
4 dientes de ajo
30 gramos de cebolla
1 huevo duro
50 gramos de miga de pan 
50 gramos de pepino
30 gramos de pimiento verde 
1 pizca de sal
1 kilo de tomates naturales
60 ccs de vinagre
1 huevo ",6,"En el bol de la batidora se pone el aceite, el vinagre, la sal y bien cortaditos, los ajos, la cebolla, el pepino y el pimiento se tritura todo bien y se va depositando en el chino.
Se va incorporando el tomate, previamente escaldado y pelado, y se sigue pasando por el chino.
Se incorpora el agua para que no quede tan espeso y unos cubitos de hielo para que este mas frio.
Se sirve en tazones y en diferentes platitos individuales se dispone un poco del pimiento picado, la cebolla, el pepino, el tomate natural y el huevo duro, previamente cocido y todo ello finamente picado para anadir si se desea al gazpacho.",25,Bajo,Si
Sopa de ajo castellana,"150 ccs de aceite 
1 litro de agua
6 dientes de ajo 
6 huevos
125 gramos de pan 
1 cucharadita de pimenton
1 pizca de sal",6,"Se pelan los ajos y se refrien en una cazuela de barro, se apartan y en el mismo aceite se frie el pan cortado en dados.
Se incorporan los ajos y el pimenton e inmediatamente se cubre con agua o caldo para que estos no se quemen.
Cuando el caldo se haya reducido se escalfan los huevos. Se da un ultimo hervor y se sirve muy caliente.",20,Bajo,Si
Ajo blanco,"220 ccs de aceite
2 dientes de ajo
250 gramos de almendras blancas 
1 huevo
200 gramos de miga de pan 
1 pizca de sal
50 ccs de vinagre",6,"Se machacan las almendras finamente.
El resto de los ingredientes se pasan por la batidora y se le anade agua a gusto,se le anaden las almendras machacadas y se sirve frio.",20,Medio,Si
Sopa de Pescado,"20 ccs de aceite de oliva
250 gramos de almejas
0.5 cucharaditas de azucar 
1 cebolla grande
250 gramos de mejilllones 
1 merluza, cabeza grande 
1 ramito de perejil
2 puerros
500 gramos de rape y espinazo
1 pizca de sal
300 gramos de tomates maduros 
2 zanahorias",6,"Limpiar la cabeza de merluza y el rape, lavar y quitar la tierra de los mejillones y de las almejas, pelar y cortar en tiras la cebolla.
Lavar los tomates y trocearlos
Cortar el pan en lonchas finas.
Poner en una cazuela suficiente agua a hervir con las zanahorias, los puerros, la cebolla y el perejil, dejar hervir unos 10 minutos
Anadir la cabeza de merluza, el rape, las espinas, los mejillones y las almejas y dejar hervir hasta que los mejillones y las almejas esten abiertos, sacar estos ultimos y quitar y tirar las cascaras.
Reservar y dejar el resto que siga cociendo hasta que el pescado este hecho, pero no
demasiado para que no quede hebroso.
Poner a calentar en una sarten un poco de aceite, anadir la cebolla y dejar hacer lentamente
Cuando empiece a tomar color anadir los tomates y el azucar y que fria bastante a fuego lento picando con la paleta los trozos Pasar el tomate a una cacerolita y anadir un poco de caldo que conviene que este frio, ponerlo a hervir.
Colar el caldo y ponerlo en la sopera de servir, anadir los mejillones y las almejas, cortar el rape en trozos pequenos y sacar toda la carne que se pueda de la cabeza de merluza y anadirlos a la sopa
En el momento de servir dar un hervor y ponerle unos dados de pan frito y adornar con unas ramitas de perejil.",35,Bajo,No
Sopa de rape,"4 cucharadas de aceite
1 diente de ajo
25 gramos de almendras
1 cucharada de cebolla picada
5 hebras de azafran
250 gramos de pan en rebanadas
1 ramito de perejil
1 pizca de pimenton
500 gramos de rape
300 gramos de tomate natural",4,"Se limpia el rape y se pone a cocer 5 o 6 minutos, se separa del fuego y se reserva el caldo.
Se quitan las espinas al pescado y se desmenuza.
En una sarten se pone el aceite y se frien las almendras, el ajo y una ramita de perejil, cuando esto esta frito se sacan del aceite y se machacan en el mortero.
Se frie la cebolla y se echan los tomates sin piel ni pepitas cortados finamente.
Se dejan freir unos 6 o 7 minutos y se agrega un poquito de pimenton y las almendras machacadas diluidas en un poco de agua. Se sigue friendo 5 minutos mas.
Se vierte esta mezcla en una cacerola anadiendo el caldo de cocer el pescado y un poco mas de agua.
El pan se corta en rebanaditas finas y se anade al caldo con el rape tambien cortadito.
Se sazona con sal y pimienta, se tapa se deja cocer a fuego lento y cuando vuelve a hervir se retira del fuego.",35,Medio,No
Salsa espanola,"2 tazas de caldo de carne 
1 cebolla grande
0.5 tazas de conac
0.5 tazas de harina
1 hueso de jamon
1 hoja de laurel
0.5 tazas de manteca de cerdo 
1 pellizco de perejil picado
1 pellizco de pimienta en grano 
1 pellizco de sal
2 tomates maduros
1 pizca de tomillo
0.5 tazas de vino blanco seco 
2 zanahorias",4,"Se calienta la manteca y se rehoga en ella la harina.
Se condimenta con el tomillo, la hoja de laurel, el perejil, sal y los granos de pimienta. Cuando la manteca comience a dorarse se agrega la cebolla, las zanahorias y los tomates todo pelado y cortadito, se incorpora el jamon, el vino, el conac y el caldo.
Se cocina a fuego suave durante casi dos horas, espumandola.
Finalmente se cuela y se sirve.
Nota: Si se va a usar esta salsa para pescados se sustituye el caldo de carne por uno de pescado y se retira el jamon.",20,Medio,No
Gazpacho extremeno,"2 cucharadas de aceite de oliva 
3 dientes de ajo
1 cebolla mediana
25 gramos de miga de pan
1 pellizco de pimienta 
1 pellizco de sal
1 chorreon de vinagre",4,"Machacar en el mortero los dientes de ajo.
Agregar un poco de aceite y sal, removiendo bien.
Anadir la miga remojada en agua y batir la mezcla hasta obtener una pasta. Condimentar con la pimienta e ir anadiendo agua poco a poco, sin dejar de remover. Dejarlo reposar y agregar la cebolla picada y el vinagre.
Si queda muy liquido se le puede anadir mas miga o si queda espeso mas agua.
Se puede servir con tropezones de pan frito.",20,Medio,Si
Gazpacho de naranja,"150 ccs de aceite 
1 pizca de sal
1 diente de ajo 
1 chorreton de vinagre 
2 huevo
2 naranjas",4,"Se pone a cocer un huevo hasta que este duro y se reserva.
Se hace como una mayonesa con un huevo entero crudo, el ajo picadito, sal, vinagre y se va incorporando poco a poco el aceite, se incorpora el zumo de dos naranjas y se vierte en una sopera.
Se le anaden cubitos de hielo y se deja en la nevera corrigiendo antes el punto de sal y de espesor del gazpacho.
Se sirve muy frio decorado con el huevo duro muy picadito.",35,Bajo,Si
Sopa de mejillones a la marinera,"3 cucharadas de aceite 
250 gramos de arroz
1 pellizco de azafran
1 cebolla mediana
1 clavo
1 hoja de laurel
20 mejillones
1 ramito de perejil
1 pellizco de pimienta 
2 puerros gruesos
2 tomates medianos",4,"Limpiar bien los mejillones y abrirlos al vapor.
Retirar la carne y reservarla.
Pasar el liquido por un tamiz y reservarlo bien
Picar muy finamente la cebolla y la parte blanca de los puerros, freirlo en el aceite hasta que comiencen a tomar color. Agregar los tomates pelados y cortados en trozos, 4 minutos mas tarde agregar 1 litro y 1/2 de agua hirviendo. Condimentar con el clavo, el perejil, y la hoja de laurel.
Cuando comience a hervir de nuevo echar el arroz mezclandolo bien.
Bajar un poco el fuego y condimentar con los pellizcos de pimienta y azafran, dejar cocer el arroz y una vez este hecho retirar el ramito de perejil y la hoja de laurel, por ultimo echar la carne de los mejillones y el liquido, dejar cocer 2 minutos mas.",45,Bajo,No
Torrijas,"200 ccs de aceite
350 gramos de azucar
50 gramos de canela en polvo 
6 huevos
500 ccs de leche
1 limon
250 gramos de pan para torrijas",6,"Se parte el pan en rodajas de dos centimetros de gruesas.
Se ponen en remojo con la leche caliente, algo mas de la mitad de azucar, la cascara de limon y la rama de canela.
Se baten los huevos y se prepara un plato con algo mas la mitad de canela en polvo y el resto del azucar.
Despues de empapadas en leche se pasan las torrijas por el huevo y se frien en abundante aceite.
Se rebozan con la canela y el azucar.",60,Medio,Si
Turron de Jijona,"1 kilo de almendras peladas tostadas y molidas 
1 limon, la raspadura 
1 kilo de azucar
1 cucharadita de canela",8,"Con un litro de agua y un kilo de azucar se hace un almibar.
Se vierte en una cacerola el almibar y se le anade la raspadura de un limon, la cucharadita de canela.
Se pone a fuego bajo y se remueve.
Se empieza a anadir poco a poco las almendras molidas.
Tiene que mezclarse muy bien quedando una pasta fina.
Se vierte sobre un molde y se dejan cuatro cinco horas.",30,Alto,Si
Manta andaluza,"10 cucharadas de azucar
2 cucharadas de fecula de patata 
3 cucharadas de harina
6 huevo claras a punto de nieve 
6 huevos
450 ccs de leche
15 gramos de levadura
25 gramos de mantequilla 
1 pizca de sal",6,"Para hacer la crema unimos las yemas, la mitad de las cucharadas de azucar, las de harina y la leche, y mezclamos todo a fuego lento para quitar bien los grumos evitando que se queme.
La masa la haremos con las claras a punto de nieve a la que se anadira las cucharadas de azucar restante y la fecula de patata y la levadura.
Sobre una fuente de horno se dispondra un papel aceitado por las cuatro esquinas y sobre el se extendera la masa que se horneara suavemente hasta que este cocida, una vez cocida la masa se desprenderan los bordes para poder luego doblarla con mayor facilidad.
Sobre la masa se dispondra a lo largo la crema y se procedera a enrollarla, se rocia con azucar y se quema el azucar con un tenedor al rojo vivo.",60,Alto,Si
Tocino de cielo,"250 ccs de agua
250 gramos de azucar 
8 huevos
8 moldes de papel",4,"Se hace un almibar con el azucar y agua.
Se deja enfriar.
Se baten las yemas y se echa el almibar poco a poco, como si se tratara de hacer una
mayonesa, se echa tres cuartas partes del almibar.
Se reserva la otra parte del almibar y se pone al fuego para hacer un almibar fuerte pero
sin color.
Se vierte en los moldes un poco de este ultimo almibar, banandolos bien.
A continuacion se reparte la crema en los ocho moldes.
Se pone a cocer al bano Maria a fuego lento y cubierto todo con una gran tapadera
envuelta en un pano para que recoja el vapor.
Una vez se hallan enfriado se sacan de los moldes y se coloca en papelillos de magdalenas echandoles el almibar que quedo en los moldes por encima, para abrillantar los tocinillos.",30,Bajo,Si
Quesada pasiega,"100 gramos de mantequilla
250 gramos de azucar
1 kilo de queso fresco de vaca
0.5 cucharaditas de ralladura de limon
1 pizca de canela en polvo 
4 huevos
150 gramos de harina",6,"Batir los huevos con el azucar y la mantequilla fundida.
Triturar el queso fresco con la ralladura del limon y un poco de canela en polvo.
Anadirlo al batido con los huevos, mezclando bien hasta conseguir una pasta homogenea. Incorporar la harina poco a poco, amasando con las manos.
Cuando la mezcla haya admitido toda la harina se vierte en un molde refractario de tarta.
La masa debe tener un maximo de 3 cm.
Meter al horno a 200 o durante media hora, hasta que la superficie se dore y la masa se cuaje. Se presenta en el mismo molde con forma de tarta.",60,Medio,Si
Tarta de Santiago,"400 gramos de almendras molidas 
400 gramos de azucar
3 cucharadas de azucar glass
300 gramos de harina
8 huevos
1 limon, ralladura
200 gramos de mantequilla",8,"Se baten muy bien los huevos hasta que esten espumosos.
Se anade el azucar y seguir batiendo.
Incorporar poco a poco la harina y la mantequilla derretida y por ultimo la almendra y la ralladura de limon mezclando todo suavemente.
Se unta con mantequilla un molde grande y bajo.
Se vierte la mezcla y se mete en el horno a fuego medio hasta que este cocida y dorada. Se deja enfriar y se decora con azucar glass.",30,Medio,Si
Flan rapido,"12 cucharadas de azucar 
6 huevos
500 ccs de leche
1 limon, raspadura",6,"
Se baten los huevos con la mitad del azucar, la raspadura de limon, y por ultimo, la leche. Con la otra mitad del azucar y agua se hace un caramelo en el molde flanero.
Se dejan enfriar teniendo cuidado de que quede todo el molde banado.
Se vierte la mezcla en el molde, que se cierra hermeticamente.
En la olla expres se pone como tres dedos de agua, se mete el molde y se cierra la olla. Cuando empieza la pesa de la olla a girar, se cuenta cinco minutos y se apaga el fuego. Se saca de la olla y se deja enfriar antes de desmoldar.",10,Medio,Si
Tarta de Santa Teresa,"12 cucharadas de azucar 
6 huevos
500 ccs de leche
1 limon, raspadura 
12 soletillas",6,"Se baten los huevos con 8 cucharadas de azucar, la raspadura de un limon, y por ultimo, la leche. Con las otras 4 cucharadas de azucar y agua se hace un caramelo en el molde flanero.
Se dejan enfriar teniendo cuidado de que quede todo el molde banado.
Una vez hecho el caramelo en el molde y antes de que se enfrie se forra con soletillas.
Se vierte en la mezcla y se mete en la olla expres donde se habran puesto como tres dedos de agua, se cierra la olla y cuando la pesa empieza a moverse se cuentan 5 minutos y se apaga el fuego.
Se saca de la olla, se deja enfriar y se desmolda.",15,Alto,Si
Arroz con leche y canela,"200 gramos de arroz
8 cucharadas de azucar
1 ramita de canela
15 gramos de canela en polvo
1 cascara de limon 
750 ccs de leche",4,"En un cazo poner agua a hervir y anadir el arroz.
Dejar cocer durante 15 minutos se retira el agua y se reserva.
En otro cazo poner a cocer la leche con la cascara de limon, el azucar y la ramita de canela.
Anadir el arroz y dejar cocer 15 minutos.
Retirar la cascara de limon y la canela, colocar el arroz en una fuente.
Dejarlo enfriar a temperatura ambiente.
Espolvorear con canela antes de servir.",35,Medio,Si
Bizcocho economico,"2 tazas de azucar
3 cucharadas de conac 
2 tazas de harina
1 huevo
1 cucharadita de levadura
1 taza de nata
3 chuchradas de nueces",4,"Se bate mucho la nata agregando el azucar, se sigue batiendo un rato y se le anade la yema de huevo, se continuara batiendo y se pone el conac, las nueces o las frutas.
A continuacion la levadura y la harina.
Se mezcla muy bien y a continuacion la clara a punto de nieve.
Se unta un molde de bizcocho con mantequilla y se vierte la mezcla.
Horno regular, medio.
Comprobar con una aguja de las de tricotar si esta cocido, cuando se pinchan y la aguja sale limpia esta hecho.",60,Medio,Si
